Workbook
Name Slicer_Crop: #N/A
Name Slicer_Year: #N/A

Sheet Dashboard
A1: CROP YIELD & AREA ANALYSIS DASHBOARD
A3: Turning Agricultural Data into Actionable Insights
A5: Total Cultivated Area | E5: Average Yield | I5: Best Performing State | M5: Most Cultivated Crop
A6: =TEXT(SUM('The Cleaned Data'!E2:E9729),"#,##0") &" ha ("&COUNT('The Cleaned Data'!E2:E9729) &" Records)" -> 709,437,910 ha (9728 Records) | E6: =TEXT(AVERAGE('The Cleaned Data'!F2:F9729),"#,##0.00")&" kg/ha ("&COUNT('The Cleaned Data'!F2:F9729) &" Records)" -> 1,671.61 kg/ha (9728 Records) | I6: =INDEX('Pivot Tables'!A13:A32,MATCH(MAX('Pivot Tables'!B13:B32),'Pivot Tables'!B13:B32,0))&" ("&TEXT(MAX('Pivot Tables'!B13:B32),"0.00")&"kg/ha)" -> Andhra Pradesh (2840.39kg/ha) | M6: =INDEX('Pivot Tables'!A3:A7,MATCH(MAX('Pivot Tables'!B3:B7),'Pivot Tables'!B3:B7,0)) &" ("&TEXT(MAX('Pivot Tables'!B3:B7),"0.00")&"kg/ha)" -> Maize (2445.86kg/ha)
C42: Key Insights
C44: ="Maize is the top yielding crop at "&TEXT('Pivot Tables'!B6,"#,##0")&" kg/ha, while Cotton yields the lowest at "&TEXT('Pivot Tables'!B5,"#,##0")&" kg/ha." -> Maize is the top yielding crop at 2,446 kg/ha, while Cotton yields the lowest at 388 kg/ha.
C46: ="Andhra Pradesh leads in average yield at "&TEXT('Pivot Tables'!B13,"#,##0")&" kg/ha, while Rajasthan trails at "&TEXT('Pivot Tables'!B27,"#,##0")&" kg/ha." -> Andhra Pradesh leads in average yield at 2,840 kg/ha, while Rajasthan trails at 1,079 kg/ha.
C48: ="Average yield rose from "&TEXT('Pivot Tables'!F5,"#,##0")&" kg/ha in 2008 to "&TEXT('Pivot Tables'!F14,"#,##0")&" kg/ha in 2017." -> Average yield rose from 1,417 kg/ha in 2008 to 1,672 kg/ha in 2017.
C50: ="Cultivated area shows almost no correlation with yield (r = "&TEXT('Data Analysis'!B2,"0.00")&"). Larger farmland doesn't reliably mean higher yield." -> Cultivated area shows almost no correlation with yield (r = 0.14). Larger farmland doesn't reliably mean higher yield.
C52: ="The Central region has the largest cultivated area at "&TEXT('Pivot Tables'!F19,"#,##0")&" ha." -> The Central region has the largest cultivated area at 224,362,940 ha.

Sheet Raw Data
A1: Year | B1: State Name | C1: Dist Name | D1: Crop | E1: Area_ha | F1: Yield_kg_per_ha
A2: 2008 | B2: Chhattisgarh | C2: Durg | D2: Rice | E2: 803370 | F2: 876.42
A3: 2008 | B3: Chhattisgarh | C3: Durg | D3: Maize | E3: 3400 | F3: 984.92
A4: 2008 | B4: Chhattisgarh | C4: Durg | D4: Chickpea | E4: 131940 | F4: 856.71
A5: 2008 | B5: Chhattisgarh | C5: Durg | D5: Cotton | E5: 10 | F5: 1000
A6: 2009 | B6: Chhattisgarh | C6: Durg | D6: Rice | E6: 789040 | F6: 788.37
A7: 2009 | B7: Chhattisgarh | C7: Durg | D7: Maize | E7: 3250 | F7: 1045.97
A8: 2009 | B8: Chhattisgarh | C8: Durg | D8: Chickpea | E8: 147220 | F8: 883.44
A9: 2010 | B9: Chhattisgarh | C9: Durg | D9: Rice | E9: 777920 | F9: 1695.77
A10: 2010 | B10: Chhattisgarh | C10: Durg | D10: Maize | E10: 3170 | F10: 1457.32
A11: 2010 | B11: Chhattisgarh | C11: Durg | D11: Chickpea | E11: 184260 | F11: 948.89
A12: 2011 | B12: Chhattisgarh | C12: Durg | D12: Rice | E12: 806550 | F12: 1756.23
A13: 2011 | B13: Chhattisgarh | C13: Durg | D13: Maize | E13: 3630 | F13: 1285.56
... A9729: 2017 | B9729: Jharkhand | C9729: Singhbhum | D9729: Chickpea | E9729: 29990 | F9729: 1293.22

Sheet The Cleaned Data
A1: Year | B1: State Name | C1: Dist Name | D1: Crop | E1: Area_ha | F1: Yield_kg_per_ha | H1: Yield Level | I1: Area Size | J1: Region | K1: Decade | L1: Crop Type | M1: Productivity
A2: 2008 | B2: Chhattisgarh | C2: Durg | D2: Rice | E2: 803370 | F2: 876.42 | H2: =IF(F2<1000,"Low",IF(F2<3000,"Medium","High")) -> Low | I2: =IF(E2<1000,"Small",IF(E2<5000,"Medium","Large")) -> Large | J2: =IF(OR(B2="Punjab",B2="Haryana",B2="Himachal Pradesh",B2="Jammu and Kashmir",B2="Uttarakhand",B2="Delhi",B2="Chandigarh"),"North",IF(OR(B2="Tamil Nadu",B2="Karnataka",B2="Kerala",B2="Andhra Pradesh",B2="Telangana"),"South",IF(OR(B2="Maharashtra",B2="Gujarat",B2="Goa",B2="Rajasthan"),"West",IF(OR(B2="West Bengal",B2="Bihar",B2="Jharkhand",B2="Odisha",B2="Assam",B2="Sikkim",B2="Arunachal Pradesh",B2="Manipur",B2="Meghalaya",B2="Mizoram",B2="Nagaland",B2="Tripura"),"East","Central")))) -> Central | K2: =LEFT(A2,3)&"0s" -> 2000s | L2: =IF(D2="Rice","Cereal",IF(D2="Maize","Cereal",IF(D2="Chickpea","Pulse",IF(D2="Cotton","Fiber","Other")))) -> Cereal | M2: =F2/E2 -> 0.0010909295
A3: 2008 | B3: Chhattisgarh | C3: Durg | D3: Maize | E3: 3400 | F3: 984.92 | H3: =IF(F3<1000,"Low",IF(F3<3000,"Medium","High")) -> Low | I3: =IF(E3<1000,"Small",IF(E3<5000,"Medium","Large")) -> Medium | J3: =IF(OR(B3="Punjab",B3="Haryana",B3="Himachal Pradesh",B3="Jammu and Kashmir",B3="Uttarakhand",B3="Delhi",B3="Chandigarh"),"North",IF(OR(B3="Tamil Nadu",B3="Karnataka",B3="Kerala",B3="Andhra Pradesh",B3="Telangana"),"South",IF(OR(B3="Maharashtra",B3="Gujarat",B3="Goa",B3="Rajasthan"),"West",IF(OR(B3="West Bengal",B3="Bihar",B3="Jharkhand",B3="Odisha",B3="Assam",B3="Sikkim",B3="Arunachal Pradesh",B3="Manipur",B3="Meghalaya",B3="Mizoram",B3="Nagaland",B3="Tripura"),"East","Central")))) -> Central | K3: =LEFT(A3,3)&"0s" -> 2000s | L3: =IF(D3="Rice","Cereal",IF(D3="Maize","Cereal",IF(D3="Chickpea","Pulse",IF(D3="Cotton","Fiber","Other")))) -> Cereal | M3: =F3/E3 -> 0.28968235
A4: 2008 | B4: Chhattisgarh | C4: Durg | D4: Chickpea | E4: 131940 | F4: 856.71 | H4: =IF(F4<1000,"Low",IF(F4<3000,"Medium","High")) -> Low | I4: =IF(E4<1000,"Small",IF(E4<5000,"Medium","Large")) -> Large | J4: =IF(OR(B4="Punjab",B4="Haryana",B4="Himachal Pradesh",B4="Jammu and Kashmir",B4="Uttarakhand",B4="Delhi",B4="Chandigarh"),"North",IF(OR(B4="Tamil Nadu",B4="Karnataka",B4="Kerala",B4="Andhra Pradesh",B4="Telangana"),"South",IF(OR(B4="Maharashtra",B4="Gujarat",B4="Goa",B4="Rajasthan"),"West",IF(OR(B4="West Bengal",B4="Bihar",B4="Jharkhand",B4="Odisha",B4="Assam",B4="Sikkim",B4="Arunachal Pradesh",B4="Manipur",B4="Meghalaya",B4="Mizoram",B4="Nagaland",B4="Tripura"),"East","Central")))) -> Central | K4: =LEFT(A4,3)&"0s" -> 2000s | L4: =IF(D4="Rice","Cereal",IF(D4="Maize","Cereal",IF(D4="Chickpea","Pulse",IF(D4="Cotton","Fiber","Other")))) -> Pulse | M4: =F4/E4 -> 0.0064931787
A5: 2008 | B5: Chhattisgarh | C5: Durg | D5: Cotton | E5: 10 | F5: 1000 | H5: =IF(F5<1000,"Low",IF(F5<3000,"Medium","High")) -> Medium | I5: =IF(E5<1000,"Small",IF(E5<5000,"Medium","Large")) -> Small | J5: =IF(OR(B5="Punjab",B5="Haryana",B5="Himachal Pradesh",B5="Jammu and Kashmir",B5="Uttarakhand",B5="Delhi",B5="Chandigarh"),"North",IF(OR(B5="Tamil Nadu",B5="Karnataka",B5="Kerala",B5="Andhra Pradesh",B5="Telangana"),"South",IF(OR(B5="Maharashtra",B5="Gujarat",B5="Goa",B5="Rajasthan"),"West",IF(OR(B5="West Bengal",B5="Bihar",B5="Jharkhand",B5="Odisha",B5="Assam",B5="Sikkim",B5="Arunachal Pradesh",B5="Manipur",B5="Meghalaya",B5="Mizoram",B5="Nagaland",B5="Tripura"),"East","Central")))) -> Central | K5: =LEFT(A5,3)&"0s" -> 2000s | L5: =IF(D5="Rice","Cereal",IF(D5="Maize","Cereal",IF(D5="Chickpea","Pulse",IF(D5="Cotton","Fiber","Other")))) -> Fiber | M5: =F5/E5 -> 100
A6: 2009 | B6: Chhattisgarh | C6: Durg | D6: Rice | E6: 789040 | F6: 788.37 | H6: =IF(F6<1000,"Low",IF(F6<3000,"Medium","High")) -> Low | I6: =IF(E6<1000,"Small",IF(E6<5000,"Medium","Large")) -> Large | J6: =IF(OR(B6="Punjab",B6="Haryana",B6="Himachal Pradesh",B6="Jammu and Kashmir",B6="Uttarakhand",B6="Delhi",B6="Chandigarh"),"North",IF(OR(B6="Tamil Nadu",B6="Karnataka",B6="Kerala",B6="Andhra Pradesh",B6="Telangana"),"South",IF(OR(B6="Maharashtra",B6="Gujarat",B6="Goa",B6="Rajasthan"),"West",IF(OR(B6="West Bengal",B6="Bihar",B6="Jharkhand",B6="Odisha",B6="Assam",B6="Sikkim",B6="Arunachal Pradesh",B6="Manipur",B6="Meghalaya",B6="Mizoram",B6="Nagaland",B6="Tripura"),"East","Central")))) -> Central | K6: =LEFT(A6,3)&"0s" -> 2000s | L6: =IF(D6="Rice","Cereal",IF(D6="Maize","Cereal",IF(D6="Chickpea","Pulse",IF(D6="Cotton","Fiber","Other")))) -> Cereal | M6: =F6/E6 -> 0.00099915087
A7: 2009 | B7: Chhattisgarh | C7: Durg | D7: Maize | E7: 3250 | F7: 1045.97 | H7: =IF(F7<1000,"Low",IF(F7<3000,"Medium","High")) -> Medium | I7: =IF(E7<1000,"Small",IF(E7<5000,"Medium","Large")) -> Medium | J7: =IF(OR(B7="Punjab",B7="Haryana",B7="Himachal Pradesh",B7="Jammu and Kashmir",B7="Uttarakhand",B7="Delhi",B7="Chandigarh"),"North",IF(OR(B7="Tamil Nadu",B7="Karnataka",B7="Kerala",B7="Andhra Pradesh",B7="Telangana"),"South",IF(OR(B7="Maharashtra",B7="Gujarat",B7="Goa",B7="Rajasthan"),"West",IF(OR(B7="West Bengal",B7="Bihar",B7="Jharkhand",B7="Odisha",B7="Assam",B7="Sikkim",B7="Arunachal Pradesh",B7="Manipur",B7="Meghalaya",B7="Mizoram",B7="Nagaland",B7="Tripura"),"East","Central")))) -> Central | K7: =LEFT(A7,3)&"0s" -> 2000s | L7: =IF(D7="Rice","Cereal",IF(D7="Maize","Cereal",IF(D7="Chickpea","Pulse",IF(D7="Cotton","Fiber","Other")))) -> Cereal | M7: =F7/E7 -> 0.32183692
A8: 2009 | B8: Chhattisgarh | C8: Durg | D8: Chickpea | E8: 147220 | F8: 883.44 | H8: =IF(F8<1000,"Low",IF(F8<3000,"Medium","High")) -> Low | I8: =IF(E8<1000,"Small",IF(E8<5000,"Medium","Large")) -> Large | J8: =IF(OR(B8="Punjab",B8="Haryana",B8="Himachal Pradesh",B8="Jammu and Kashmir",B8="Uttarakhand",B8="Delhi",B8="Chandigarh"),"North",IF(OR(B8="Tamil Nadu",B8="Karnataka",B8="Kerala",B8="Andhra Pradesh",B8="Telangana"),"South",IF(OR(B8="Maharashtra",B8="Gujarat",B8="Goa",B8="Rajasthan"),"West",IF(OR(B8="West Bengal",B8="Bihar",B8="Jharkhand",B8="Odisha",B8="Assam",B8="Sikkim",B8="Arunachal Pradesh",B8="Manipur",B8="Meghalaya",B8="Mizoram",B8="Nagaland",B8="Tripura"),"East","Central")))) -> Central | K8: =LEFT(A8,3)&"0s" -> 2000s | L8: =IF(D8="Rice","Cereal",IF(D8="Maize","Cereal",IF(D8="Chickpea","Pulse",IF(D8="Cotton","Fiber","Other")))) -> Pulse | M8: =F8/E8 -> 0.0060008151
A9: 2010 | B9: Chhattisgarh | C9: Durg | D9: Rice | E9: 777920 | F9: 1695.77 | H9: =IF(F9<1000,"Low",IF(F9<3000,"Medium","High")) -> Medium | I9: =IF(E9<1000,"Small",IF(E9<5000,"Medium","Large")) -> Large | J9: =IF(OR(B9="Punjab",B9="Haryana",B9="Himachal Pradesh",B9="Jammu and Kashmir",B9="Uttarakhand",B9="Delhi",B9="Chandigarh"),"North",IF(OR(B9="Tamil Nadu",B9="Karnataka",B9="Kerala",B9="Andhra Pradesh",B9="Telangana"),"South",IF(OR(B9="Maharashtra",B9="Gujarat",B9="Goa",B9="Rajasthan"),"West",IF(OR(B9="West Bengal",B9="Bihar",B9="Jharkhand",B9="Odisha",B9="Assam",B9="Sikkim",B9="Arunachal Pradesh",B9="Manipur",B9="Meghalaya",B9="Mizoram",B9="Nagaland",B9="Tripura"),"East","Central")))) -> Central | K9: =LEFT(A9,3)&"0s" -> 2010s | L9: =IF(D9="Rice","Cereal",IF(D9="Maize","Cereal",IF(D9="Chickpea","Pulse",IF(D9="Cotton","Fiber","Other")))) -> Cereal | M9: =F9/E9 -> 0.0021798771
A10: 2010 | B10: Chhattisgarh | C10: Durg | D10: Maize | E10: 3170 | F10: 1457.32 | H10: =IF(F10<1000,"Low",IF(F10<3000,"Medium","High")) -> Medium | I10: =IF(E10<1000,"Small",IF(E10<5000,"Medium","Large")) -> Medium | J10: =IF(OR(B10="Punjab",B10="Haryana",B10="Himachal Pradesh",B10="Jammu and Kashmir",B10="Uttarakhand",B10="Delhi",B10="Chandigarh"),"North",IF(OR(B10="Tamil Nadu",B10="Karnataka",B10="Kerala",B10="Andhra Pradesh",B10="Telangana"),"South",IF(OR(B10="Maharashtra",B10="Gujarat",B10="Goa",B10="Rajasthan"),"West",IF(OR(B10="West Bengal",B10="Bihar",B10="Jharkhand",B10="Odisha",B10="Assam",B10="Sikkim",B10="Arunachal Pradesh",B10="Manipur",B10="Meghalaya",B10="Mizoram",B10="Nagaland",B10="Tripura"),"East","Central")))) -> Central | K10: =LEFT(A10,3)&"0s" -> 2010s | L10: =IF(D10="Rice","Cereal",IF(D10="Maize","Cereal",IF(D10="Chickpea","Pulse",IF(D10="Cotton","Fiber","Other")))) -> Cereal | M10: =F10/E10 -> 0.4597224
A11: 2010 | B11: Chhattisgarh | C11: Durg | D11: Chickpea | E11: 184260 | F11: 948.89 | H11: =IF(F11<1000,"Low",IF(F11<3000,"Medium","High")) -> Low | I11: =IF(E11<1000,"Small",IF(E11<5000,"Medium","Large")) -> Large | J11: =IF(OR(B11="Punjab",B11="Haryana",B11="Himachal Pradesh",B11="Jammu and Kashmir",B11="Uttarakhand",B11="Delhi",B11="Chandigarh"),"North",IF(OR(B11="Tamil Nadu",B11="Karnataka",B11="Kerala",B11="Andhra Pradesh",B11="Telangana"),"South",IF(OR(B11="Maharashtra",B11="Gujarat",B11="Goa",B11="Rajasthan"),"West",IF(OR(B11="West Bengal",B11="Bihar",B11="Jharkhand",B11="Odisha",B11="Assam",B11="Sikkim",B11="Arunachal Pradesh",B11="Manipur",B11="Meghalaya",B11="Mizoram",B11="Nagaland",B11="Tripura"),"East","Central")))) -> Central | K11: =LEFT(A11,3)&"0s" -> 2010s | L11: =IF(D11="Rice","Cereal",IF(D11="Maize","Cereal",IF(D11="Chickpea","Pulse",IF(D11="Cotton","Fiber","Other")))) -> Pulse | M11: =F11/E11 -> 0.0051497341
A12: 2011 | B12: Chhattisgarh | C12: Durg | D12: Rice | E12: 806550 | F12: 1756.23 | H12: =IF(F12<1000,"Low",IF(F12<3000,"Medium","High")) -> Medium | I12: =IF(E12<1000,"Small",IF(E12<5000,"Medium","Large")) -> Large | J12: =IF(OR(B12="Punjab",B12="Haryana",B12="Himachal Pradesh",B12="Jammu and Kashmir",B12="Uttarakhand",B12="Delhi",B12="Chandigarh"),"North",IF(OR(B12="Tamil Nadu",B12="Karnataka",B12="Kerala",B12="Andhra Pradesh",B12="Telangana"),"South",IF(OR(B12="Maharashtra",B12="Gujarat",B12="Goa",B12="Rajasthan"),"West",IF(OR(B12="West Bengal",B12="Bihar",B12="Jharkhand",B12="Odisha",B12="Assam",B12="Sikkim",B12="Arunachal Pradesh",B12="Manipur",B12="Meghalaya",B12="Mizoram",B12="Nagaland",B12="Tripura"),"East","Central")))) -> Central | K12: =LEFT(A12,3)&"0s" -> 2010s | L12: =IF(D12="Rice","Cereal",IF(D12="Maize","Cereal",IF(D12="Chickpea","Pulse",IF(D12="Cotton","Fiber","Other")))) -> Cereal | M12: =F12/E12 -> 0.0021774595
A13: 2011 | B13: Chhattisgarh | C13: Durg | D13: Maize | E13: 3630 | F13: 1285.56 | H13: =IF(F13<1000,"Low",IF(F13<3000,"Medium","High")) -> Medium | I13: =IF(E13<1000,"Small",IF(E13<5000,"Medium","Large")) -> Medium | J13: =IF(OR(B13="Punjab",B13="Haryana",B13="Himachal Pradesh",B13="Jammu and Kashmir",B13="Uttarakhand",B13="Delhi",B13="Chandigarh"),"North",IF(OR(B13="Tamil Nadu",B13="Karnataka",B13="Kerala",B13="Andhra Pradesh",B13="Telangana"),"South",IF(OR(B13="Maharashtra",B13="Gujarat",B13="Goa",B13="Rajasthan"),"West",IF(OR(B13="West Bengal",B13="Bihar",B13="Jharkhand",B13="Odisha",B13="Assam",B13="Sikkim",B13="Arunachal Pradesh",B13="Manipur",B13="Meghalaya",B13="Mizoram",B13="Nagaland",B13="Tripura"),"East","Central")))) -> Central | K13: =LEFT(A13,3)&"0s" -> 2010s | L13: =IF(D13="Rice","Cereal",IF(D13="Maize","Cereal",IF(D13="Chickpea","Pulse",IF(D13="Cotton","Fiber","Other")))) -> Cereal | M13: =F13/E13 -> 0.35414876
... A9729: 2017 | B9729: Jharkhand | C9729: Singhbhum | D9729: Chickpea | E9729: 29990 | F9729: 1293.22 | H9729: =IF(F9729<1000,"Low",IF(F9729<3000,"Medium","High")) -> Medium | I9729: =IF(E9729<1000,"Small",IF(E9729<5000,"Medium","Large")) -> Large | J9729: =IF(OR(B9729="Punjab",B9729="Haryana",B9729="Himachal Pradesh",B9729="Jammu and Kashmir",B9729="Uttarakhand",B9729="Delhi",B9729="Chandigarh"),"North",IF(OR(B9729="Tamil Nadu",B9729="Karnataka",B9729="Kerala",B9729="Andhra Pradesh",B9729="Telangana"),"South",IF(OR(B9729="Maharashtra",B9729="Gujarat",B9729="Goa",B9729="Rajasthan"),"West",IF(OR(B9729="West Bengal",B9729="Bihar",B9729="Jharkhand",B9729="Odisha",B9729="Assam",B9729="Sikkim",B9729="Arunachal Pradesh",B9729="Manipur",B9729="Meghalaya",B9729="Mizoram",B9729="Nagaland",B9729="Tripura"),"East","Central")))) -> East | K9729: =LEFT(A9729,3)&"0s" -> 2010s | L9729: =IF(D9729="Rice","Cereal",IF(D9729="Maize","Cereal",IF(D9729="Chickpea","Pulse",IF(D9729="Cotton","Fiber","Other")))) -> Pulse | M9729: =F9729/E9729 -> 0.043121707

Sheet Data Analysis
A1: Factor | B1: Correlation with Yield
A2: Area vs Yield | B2: =CORREL(Table13[Area_ha],Table13[Yield_kg_per_ha]) -> 0.14013383
A3: Year vs Yield | B3: =CORREL(Table13[Year],Table13[Yield_kg_per_ha]) -> 0.10892622
A4: Year vs Area | B4: =CORREL(Table13[Year],Table13[Area_ha]) -> 0.018415261
A7: Summary Statistics
A9: Statistics | B9: Year | C9: Area (ha) | D9: Yield(kg/ha)
A10: Count | B10: =COUNT(Table13[Year]) -> 9728 | C10: =COUNT(Table13[Area_ha]) -> 9728 | D10: =COUNT(Table13[Yield_kg_per_ha]) -> 9728
A11: Average | B11: =AVERAGE(Table13[Year]) -> 2012.49 | C11: =AVERAGE(Table13[Area_ha]) -> 72927.417 | D11: =AVERAGE(Table13[Yield_kg_per_ha]) -> 1671.6144
A12: Minimum | B12: =MIN(Table13[Year]) -> 2008 | C12: =MIN(Table13[Area_ha]) -> 10 | D12: =MIN(Table13[Yield_kg_per_ha]) -> 0.28
A13: Maximum | B13: =MAX(Table13[Year]) -> 2017 | C13: =MAX(Table13[Area_ha]) -> 1154230 | D13: =MAX(Table13[Yield_kg_per_ha]) -> 11368.52
A14: Median | B14: =MEDIAN(Table13[Year]) -> 2012 | C14: =MEDIAN(Table13[Area_ha]) -> 19300 | D14: =MEDIAN(Table13[Yield_kg_per_ha]) -> 1327.64
A15: Standard Deviaton | B15: =_xlfn.STDEV.S(Table13[Year]) -> 2.8819163 | C15: =_xlfn.STDEV.S(Table13[Area_ha]) -> 121288.72 | D15: =_xlfn.STDEV.S(Table13[Yield_kg_per_ha]) -> 1297.7755

Sheet Pivot Tables
A3: Crop | B3: Average of Yield_kg_per_ha | E3: Year | F3: Average of Yield_kg_per_ha
A4: Chickpea | B4: 967.27224 | E4: 2008 | F4: 1475.0681
A5: Cotton | B5: 387.83263 | E5: 2009 | F5: 1417.2142
A6: Maize | B6: 2445.8596 | E6: 2010 | F6: 1572.7325
A7: Rice | B7: 2227.8874 | E7: 2011 | F7: 1633.8845
A8: Grand Total | B8: 1671.6144 | E8: 2012 | F8: 1682.2566
E9: 2013 | F9: 1742.1264
E10: 2014 | F10: 1754.3632
E11: 2015 | F11: 1650.6439
A12: State Name | B12: Average of Yield_kg_per_ha | E12: 2016 | F12: 1820.607
A13: Andhra Pradesh | B13: 2840.3914 | E13: 2017 | F13: 1969.0719
A14: Assam | B14: 1320.7572 | E14: Grand Total | F14: 1671.6144
A15: Bihar | B15: 2198.9925
A16: Chhattisgarh | B16: 1391.9117
A17: Gujarat | B17: 1239.5132
A18: Haryana | B18: 1854.7578 | E18: Region | F18: Sum of Area_ha
A19: Himachal Pradesh | B19: 1703.8193 | E19: Central | F19: 224362940
A20: Jharkhand | B20: 1362.279 | E20: East | F20: 133634550
A21: Karnataka | B21: 1794.1367 | E21: North | F21: 60180190
A22: Kerala | B22: 2359.5637 | E22: South | F22: 142076090
A23: Madhya Pradesh | B23: 1309.5686 | E23: West | F23: 149184140
A24: Maharashtra | B24: 1172.3869 | E24: Grand Total | F24: 709437910
A25: Orissa | B25: 1464.9705
A26: Punjab | B26: 2818.9733
A27: Rajasthan | B27: 1079.0974
A28: Tamil Nadu | B28: 2794.6994
A29: Telangana | B29: 2133.5995 | E29: Crop | F29: Count of Crop
A30: Uttar Pradesh | B30: 1591.3643 | E30: Chickpea | F30: 2657
A31: Uttarakhand | B31: 1382.4609 | E31: Cotton | F31: 1453
A32: West Bengal | B32: 2257.483 | E32: Maize | F32: 2806
A33: Grand Total | B33: 1671.6144 | E33: Rice | F33: 2812
E34: Grand Total | F34: 9728
